Hot Peppers,,,,
Ingredients,,,,
Manufacturers,,,,
Recipes,,,,
Cultivars,,,,
Reviews,,,,
Flavors,,,,
Hot Pepper Common Name ↕,Avg SHU ↕,# of Recipes ↕,Origin Country,Cultivar
7-Pot Barrackpore Pepper,"11,50,000",0,Trinidad and Tobago,Capsicum Chinense
7-Pot Brain Strain Pepper,"11,75,000",0,Trinidad and Tobago,
7-Pot Brown (Chocolate) Pepper,"13,26,698",0,Trinidad and Tobago,
7-Pot Bubblegum Pepper,"9,25,000",1,Trinidad and Tobago,
7-Pot Chaguanas Pepper,"9,00,000",0,Trinidad and Tobago,
7-Pot Chili Pepper,N/A,5,Trinidad and Tobago,
7-Pot Chocolate Douglah Pepper,N/A,2,Trinidad and Tobago,
7-Pot Douglah Pepper,"13,88,763",4,Trinidad and Tobago,
7-Pot Infinity Pepper,"11,76,182",0,Trinidad and Tobago,
7-Pot Madballz Pepper,"10,00,000",0,Trinidad and Tobago,
7-Pot Primo Chile Powder Pepper,N/A,2,Trinidad and Tobago,
7-Pot Primo Pepper Mash,N/A,3,Trinidad and Tobago,
7-Pot Primo Peppers,N/A,3,Trinidad and Tobago,
7-Pot Rennie Pepper,"14,00,000",1,Trinidad and Tobago,
7-Pot Sr Strain Pepper,"11,75,000",0,Trinidad and Tobago,
Abbraccio Pepper,"15,000",0,,Capsicum Annuum
Abchazskij Ostruyi Pepper,"30,000",0,Georgia,Capsicum Annuum
Achar Pepper,"1,500",0,India,Capsicum Annuum
Aci Sivri Pepper,"12,500",0,Turkey,Capsicum Annuum
Aconcagua Pepper,0,0,United States of America,Capsicum Annuum
Adjuma Pepper,"2,25,000",0,Brazil,Capsicum Chinense
Afega Curta Pepper,"15,000",0,,
Afega Longa Pepper,"30,000",0,,
African Bird's Eye Pepper,"1,75,000",1,Ethiopia,Capsicum Annuum
African Birds Eye Pepper (Peri-Peri),"1,12,500",2,South Africa,Capsicum Frutescens
African Oleoresin Pepper,N/A,5,South Africa,
Aged Cayenne Peppers,"40,000",8,French Guiana,Capsicum Annuum
Aged Cayenne Peppers (Red),"40,000",14,French Guiana,Capsicum Annuum
Aged Pepper Mash,N/A,2,,
Aged Peppers (Generic),N/A,10,,
Aged Pickled Scorpion Pepper,N/A,1,Trinidad and Tobago,Capsicum Chinense
Aged Red Habanero Chillies Pepper,N/A,1,Brazil,
Aged Red Habanero Peppers,"2,25,000",6,Brazil,
Aged Red Peppers,N/A,25,Hungary,Capsicum Annuum
Agua Blanca Pepper,"1,000",0,Mexico,Capsicum Annuum
Aji Amarillo Pepper,N/A,2,Peru,Capsicum Baccatum
Aji Andina Pepper,"2,500",0,,
Aji Bento Pepper,"15,500",0,,
Aji Brazilian Pumpkin Pepper,"20,000",0,Brazil,Capsicum Baccatum
Aji Caballero Pepper,"30,000",0,Puerto Rico,Capsicum Baccatum
Aji Carmine Peppers,"30,000",0,Peru,Capsicum Chinense
Aji Charapita Pepper,"40,000",1,Peru,Capsicum Chinense
Aji Chombo Pepper,"2,50,000",0,Panama,Capsicum Chinense
Aji Chuncho Pepper,0,0,Peru,Capsicum Frutescens
Aji Cito Pepper,"1,08,000",0,Peru,Capsicum Baccatum
Aji Cobincho Pepper,"15,000",0,Bolivia,Capsicum Exile
Aji Colorado Pepper,"20,000",0,Bolivia,Capsicum Baccatum
Aji Criolla Sella Pepper,"30,000",0,Bolivia,Capsicum Baccatum
Aji Crystal Pepper,"50,000",0,Chile,Capsicum Baccatum
Aji Dulce Pepper,"1,000",0,,Capsicum Chinense
Aji Escabeche Pepper,"17,000",0,Bolivia,Capsicum Baccatum
Aji Habanero Pepper,"2,500",0,Brazil,
Aji Limon (Lemon Drop) Pepper,"40,000",1,Peru,Capsicum Baccatum
Aji Mirasol Pepper,"1,400",0,Peru,Capsicum Baccatum
Aji Omnicolor Pepper,"40,000",0,Peru,Capsicum Baccatum
Aji Panca Chile Powder Pepper,100,2,Peru,Capsicum Baccatum
Aji Panca Pepper,"1,250",1,Peru,Capsicum Baccatum
Aji Pepper,"40,000",0,,Capsicum Baccatum
Aji Pineapple Pepper,"20,000",0,Peru,Capsicum Baccatum
Aji Rojo Pepper,"1,00,000",0,Peru,Capsicum Baccatum
Akabare Pepper,"50,000",0,Nepal,Capsicum Chinense
Aladdin Pepper,0,0,United States of America,Capsicum Annuum
Alcalde Pepper,"2,500",0,United States of America,Capsicum Annuum
Aleppo Pepper,"10,000",2,Syria,Capsicum Annuum
Alma Paprika Pepper,"2,500",0,Hungary,Capsicum Annuum
Alma Spicy Paprika Pepper,"10,000",0,Hungary,Capsicum Annuum
Amazon Pepper,N/A,1,,Capsicum Chinense
Amazon Pepper (Red),"40,000",0,,Capsicum Chinense
Ametista Pepper,"1,000",0,Brazil,Capsicum Annuum
Ammazzo Pepper,"2,500",0,Italy,Capsicum Annuum
Anaheim Pepper,"1,500",4,Mexico,Capsicum Annuum
Ancho Chiles Pepper,"1,250",8,Mexico,Capsicum Annuum
Ancho Chili Powder Pepper,N/A,3,Mexico,Capsicum Annuum
Ancho Pepper,"1,500",11,Mexico,Capsicum Annuum
Ancho San Luis Pepper,"4,000",0,Mexico,Capsicum Annuum
Andhra Guntur Sannam Pepper,"37,500",0,India,
Apache Pepper,"90,000",0,,Capsicum Annuum
Apollo Pepper,"30,00,000",1,United States of America,
Apollo Pepper (Distillate),"30,00,000",1,United States of America,
Apollo Pepper (Powder),"30,00,000",1,United States of America,
Arapaho Pepper,"50,000",0,United States of America,Capsicum Annuum
Arbol Chilis Pepper,"22,500",4,Mexico,
Arbol Dried Peppers,N/A,2,Mexico,
Arbol Pepper,"22,500",6,Mexico,
Aribibi Gusano Pepper,"4,70,000",0,Bolivia,Capsicum Chinense
Assorted Peppers,N/A,2,,
Ata Barukono Pepper,"30,000",0,Nigeria,Capsicum Chinense
Atomic Heart Pepper,"5,000",0,Australia,Capsicum Annuum
Aurora Pepper,"50,000",0,,Capsicum Annuum
Australian Bush Spices Pepper,N/A,2,Australia,
Australian Lantern Pepper,"30,000",0,Australia,Capsicum Chinense
Avalon Button Pepper,500,0,,Capsicum Annuum
Azr Pepper,"5,000",0,India,Capsicum Annuum
Babura Zelena Pepper,500,0,Bulgaria,Capsicum Annuum
Baccio Di Satana Pepper,"5,000",0,Italy,Capsicum Annuum
Bahamian Pepper,"1,02,500",0,Bahamas,Capsicum Annuum
Balãozinho Pepper,"15,000",0,Brazil,Capsicum Chinense
Baldi Pepper,500,0,Lebanon,Capsicum Annuum
Balloon Pepper,"50,000",0,Brazil,Capsicum Baccatum
"Banana Pepper (Ooty Chili, Yellow Wax Pepper)",250,5,United States of America,Capsicum Annuum
Banjul Markets Gambia Pepper,"3,75,000",0,Gambia,Capsicum Annuum
Barker's Hot Pepper,"22,500",0,United States of America,Capsicum Annuum
Basque Fryer Pepper,0,0,France,
Beaver Dam Pepper,750,0,Hungary,Capsicum Annuum
Bedfordshire Super Naga Pepper,"10,10,000",0,United Kingdom,Capsicum Chinense
Bedgi Pepper (Byadagi),"1,000",0,India,Capsicum Annuum
Bell Pepper,0,27,Hungary,Capsicum Annuum
Bell Pepper (Diced),N/A,1,Mexico,
Bell Pepper (Green),0,14,Hungary,Capsicum Annuum
Bell Pepper (Orange),0,1,Hungary,Capsicum Annuum
Bell Pepper (Red),0,28,Hungary,Capsicum Annuum
Bell Pepper (Roasted),N/A,3,Hungary,
Bell Pepper (Sweet Red),N/A,1,Mexico,
Bell Pepper (Yellow),N/A,7,Hungary,Capsicum Annuum
Bell Peppers (Dehydrated),N/A,1,Hungary,Capsicum Annuum
Beni Highland Pepper,"42,600",0,Bolivia,Capsicum Chinense
Berbere Pepper,"30,000",0,Ethiopia,Capsicum Annuum
Bermuda Pepper,"5,000",0,Bermuda,Capsicum Annuum
Beslers Cherry Pepper,"30,000",0,Brazil,Capsicum Annuum
Bhut Jolokia (Red) Pepper,N/A,2,India,Capsicum Chinense
Bhut Jolokia Chiles Pepper,"10,41,427",12,India,Capsicum Chinense
Bhut Jolokia Flakes Pepper,"10,41,427",1,India,Capsicum Chinense Capsicum Frutescens
Bhut Jolokia Indian Carbon Pepper,"10,00,000",0,India,Capsicum Chinense
Bhut Jolokia Pepper (Chocolate),N/A,2,India,Capsicum Chinense
Bhut Jolokia Pepper (Dried),"10,41,427",1,India,Capsicum Chinense Capsicum Frutescens
Bhut Jolokia Pepper (Ghost Pepper),"10,41,427",58,India,Capsicum Chinense
Bhut Jolokia Pepper (Yellow),"10,41,427",5,India,Capsicum Chinense
Bhut Naga Jolokia Chiles Pepper,"10,41,427",2,India,
Bhutlah Pepper (Chocolate),"10,41,427",1,United States of America,Capsicum Chinense
Big Jim Heritage Pepper,"4,000",2,United States of America,Capsicum Annuum
Big Sun Habanero Pepper,"3,25,000",0,Brazil,
Bird's Eye Chili Pepper,"75,000",15,Guyana,Capsicum Annuum
Bird's Eye Chili Pepper (Powder),"75,000",1,Mexico,Capsicum Annuum
Bishop's Crown Pepper,"17,500",2,Brazil,Capsicum Baccatum
Black Cobra Pepper,"30,000",0,Venezuela,Capsicum Annuum
Black Cuban Pepper,"50,000",0,Cuba,Capsicum Annuum
Black Lampong Peppercorn,N/A,1,Indonesia,
Black Pearl Pepper,"30,000",0,United States of America,Capsicum Annuum
Black Pepper,0,218,India,
Black Pepper (Cracked),N/A,3,India,
Black Pepper (Ground),N/A,4,India,
Black Pepper (Powder),0,1,India,
Black Prince Pepper,"30,000",0,United States of America,Capsicum Annuum
Black Scorpion Tongue Pepper,"1,00,000",0,,Capsicum Annuum
Blair's 2am Reserve Extract Pepper,N/A,1,,
Bode Amarela Pepper,"30,000",0,Brazil,Capsicum Chinense
Bolivian Rainbow Pepper,"20,000",0,Bolivia,Capsicum Annuum
Bombilla Amarilla Pepper,"30,000",0,Spain,Capsicum Annuum
Bonanza Brasileira Pepper,"30,000",0,Brazil,Capsicum Baccatum
Bondamanjak Pepper,"2,25,000",3,French Guiana,Capsicum Chinense
Borg 9 (Chocolate) Pepper,"10,00,000",0,United Kingdom,Capsicum Frutescens
Bouquet Pepper,"5,000",0,United States of America,Capsicum Annuum
Brain Strain Pepper,"11,75,000",1,Trinidad and Tobago,Capsicum Chinense
Brain Strain Pepper (Yellow),"11,75,000",1,Trinidad and Tobago,Capsicum Chinense
Brazilian Starfish Pepper,"17,500",0,Brazil,Capsicum Baccatum
Brinco De Princesa Pepper,"1,000",0,,
Bubba Pepper,"30,000",0,Colombia,Capsicum Baccatum
Cabai Burong Pepper,"30,000",0,Malaysia,Capsicum Frutescens
Cabai Merah Besar Pepper,"30,000",0,Malaysia,Capsicum Annuum Capsicum Frutescens
Cacho De Cabra Pepper,"5,000",0,Chile,Capsicum Annuum
Cajamarca Pepper,"1,50,000",0,,Capsicum Chinense
Cajun Belle Pepper,"2,250",0,,Capsicum Annuum
Calabria Pepper,"2,500",0,Italy,Capsicum Annuum
Calabrian Chili Pepper,"32,500",1,Italy,Capsicum Annuum
Calico Pepper,"60,000",0,Mexico,Capsicum Annuum
California Wonder Pepper,0,0,United States of America,Capsicum Annuum
Californian Pepper,"2,500",0,United States of America,Capsicum Annuum
Calistan Pepper,"1,000",0,Turkey,Capsicum Annuum
Caloro Pepper,"5,000",0,United States of America,Capsicum Annuum
Cambuci Pepper,500,0,Brazil,Capsicum Baccatum
Candlelight Pepper,"2,550",0,United States of America,Capsicum Annuum
Capsaicin (Pure) Pepper,N/A,9,,
Capsaicin Extract Pepper,"1,60,00,000",2,,
Caribe Peppers,"5,000",1,Mexico,Capsicum Annuum
Carolina Cayenne Pepper,"1,12,500",1,United States of America,Capsicum Annuum
Carolina Reaper Chillies Pepper,"15,69,300",8,United States of America,Capsicum Chinense
Carolina Reaper Distillate Pepper,N/A,1,United States of America,Capsicum Chinense
Carolina Reaper Pepper,"15,69,383",84,United States of America,
Carolina Reaper Pepper (Crushed),"15,69,300",1,United States of America,Capsicum Chinense
Carolina Reaper Pepper (Green),N/A,2,United States of America,Capsicum Chinense
Carolina Reaper Pepper (Ground),"15,69,300",1,United States of America,Capsicum Chinense
Carolina Reaper Pepper Mash,"15,69,300",6,United States of America,Capsicum Chinense
Carolina Reaper Pepper Powder,N/A,5,United States of America,Capsicum Chinense
Carolina Reaper Pods Pepper,N/A,1,United States of America,Capsicum Chinense
Cascabel Pepper,"1,750",1,Mexico,Capsicum Annuum
Cascabella Pepper,"4,250",0,United States of America,Capsicum Annuum
Catarina Pepper,500,0,Mexico,Capsicum Annuum
Cayenne Chillies Pepper,N/A,20,French Guiana,Capsicum Annuum
Cayenne Pepper,"40,000",173,French Guiana,Capsicum Annuum
Cayenne Pepper (Aged Red),"40,000",3,France,
Cayenne Pepper (Golden),"40,000",0,United States of America,Capsicum Annuum
Cayenne Pepper (Large Purple),"40,000",0,United States of America,Capsicum Annuum
Cayenne Pepper (Large Red),"40,000",2,French Guiana,Capsicum Annuum
Cayenne Pepper (Powder),"40,000",6,French Guiana,Capsicum Annuum
Cayenne Pepper (Red),"40,000",8,French Guiana,
Cayenne Pepper Mash,"40,000",10,French Guiana,Capsicum Annuum
Caysan Chilli Pepper,"40,000",2,,Capsicum Annuum
Cereja Da Amapa Pepper,"12,500",0,Brazil,
Chao Tian Jiao Pepper,"40,000",0,China,Capsicum Annuum
Charleston Hot Pepper,"85,000",0,United States of America,Capsicum Annuum
Cheiro Roxa Pepper,"70,000",0,Brazil,Capsicum Chinense
Chenzo Pepper,"45,000",0,,Capsicum Annuum
Cheongyang Chili Pepper,"10,000",0,South Korea,Capsicum Annuum
Cherry Bomb Pepper,"3,750",1,United States of America,Capsicum Annuum
Cherry Pepper,"1,750",0,United States of America,Capsicum Annuum
Cheyenne Pepper,"40,000",0,United States of America,Capsicum Annuum
Chi Chien Pepper,"70,000",0,China,Capsicum Annuum
Chilaca Pepper,"1,750",0,Mexico,
Chilcostle Pepper,"5,000",0,Mexico,Capsicum Annuum
Chile Caribe Pepper,N/A,14,Mexico,Capsicum Annuum
Chile De Arbol Pepper,"22,500",2,Mexico,Capsicum Annuum
Chile De Cuscutlan Pepper,"5,000",0,Honduras,Capsicum Annuum
Chile Extract Pepper,N/A,25,,
Chile Grande Pepper,"55,000",0,Mexico,Capsicum Annuum
Chile Inayague Pepper,"30,000",0,Mexico,Capsicum Annuum
Chile Pepper (Green),N/A,3,Mexico,
Chile Pepper Blend,N/A,2,,
Chile Peppers,N/A,37,,
Chile Peppers (Natural Extracts),N/A,1,Mexico,
Chile Powder Pepper,N/A,11,,
Chile Tepin Pepper,"2,00,000",1,Mexico,Capsicum Annuum
Chiles Pepper,N/A,6,,
Chilhuacle Negro Chile Pepper,"1,750",0,Mexico,Capsicum Annuum
Chili De Arbol Pepper,"22,500",2,Mexico,
Chili Extract (9 Million Shu) Pepper,N/A,1,,
Chili Pepper Extract,N/A,3,,
Chili Peppers (Generic),N/A,32,,
Chili Peppers (Roasted),N/A,2,Mexico,
Chili Powder (Generic) Pepper,N/A,36,,
Chili Willy Pepper,"23,000",0,United States of America,Capsicum Annuum
Chilito De Simojovel Pepper,"30,000",0,Mexico,Capsicum Annuum
Chilli Flakes Pepper,N/A,1,,
Chillies Pepper,N/A,5,,
Chilly Chili Pepper,51,0,,Capsicum Annuum
Chiltepin Pepper,"75,000",0,Mexico,Capsicum Annuum
Chimayo Pepper,"5,000",0,United States of America,Capsicum Annuum
China Express Pepper,"80,000",0,,
Chinchi Uchu Pepper,"30,000",0,Peru,Capsicum Baccatum
Chinese Five Color Pepper,"50,000",0,China,Capsicum Annuum
Chintexle Pepper,"5,000",0,Mexico,Capsicum Annuum
Chipotle Brown Chiles Pepper,"5,250",2,Mexico,
Chipotle Chiles Pepper,"5,250",22,Mexico,
Chipotle Chilli Powder Pepper,N/A,2,Mexico,
Chipotle Flakes Pepper,N/A,3,Mexico,
Chipotle Meco Pepper,"6,250",0,Mexico,
Chipotle Morita Pepper,"6,250",0,Mexico,
Chipotle Pepper,"7,500",85,Mexico,
Chipotle Pepper (Organic),"5,250",1,Mexico,
Chipotle Pepper Mash,"5,250",2,Mexico,
Chipotle Pepper Mix,N/A,1,Mexico,
Chipotle Pepper Powder,"9,000",4,Mexico,
Chipotle Peppers (Red),N/A,6,Mexico,
Chipotle Powder Pepper,"5,250",9,Mexico,
Chipotle Puree Pepper,"5,250",2,Mexico,
Chipotle Verde Pepper,"5,250",1,Mexico,
Chipotles In Adobo Pepper,"5,250",3,Mexico,
Chivato Pepper,"30,000",0,Peru,Capsicum Baccatum
Chocolate Habanero Pepper Seeds,N/A,1,Jamaica,
Chocolate Habanero Peppers,"5,01,000",7,Brazil,
Chocolate Scotch Bonnet Pepper,"2,25,000",1,Jamaica,Capsicum Chinense
Choice Fresh Red Habanero Pepper Pieces,N/A,1,Brazil,
Chungyang Red Pepper,"16,500",0,South Korea,Capsicum Annuum
Chupetinho Pepper,"30,000",0,Brazil,Capsicum Chinense
Cili Goronong Pepper,"1,00,000",0,Malaysia,Capsicum Chinense
Cobanero Pepper (Coban),"40,000",0,Guatemala,Capsicum Baccatum
Cochabamba Pepper,"5,000",0,Bolivia,Capsicum Baccatum
Cochiti Pepper,"5,000",0,United States of America,Capsicum Annuum
Concentrated Pepper Extract,N/A,2,,
Congo Pepper,N/A,1,Guyana,Capsicum Chinense
Congo Pepper - Black,"4,00,000",0,Trinidad and Tobago,Capsicum Chinense
Congo Pepper - Red,"3,50,000",0,Trinidad and Tobago,Capsicum Chinense
Congo Pepper - Yellow,"3,00,000",0,Trinidad and Tobago,Capsicum Chinense
Corbaci Pepper,500,0,Hungary,Capsicum Annuum
Corno Di Toro Pepper (Carmen Italian Sweet Pepper),250,0,Italy,Capsicum Annuum
Coronado Pepper,850,0,,Capsicum Annuum
Costa Rica Orange Hot Pepper,"1,25,000",0,Costa Rica,Capsicum Frutescens
Costeno Amarillo Pepper,"2,000",0,Mexico,Capsicum Annuum
Costeno Rojo Pepper,"12,000",0,Mexico,Capsicum Annuum
Count Dracula Pepper,"25,000",0,,Capsicum Annuum
Cow Horn Pepper,"3,750",0,United States of America,Capsicum Annuum
Criollo Pepper,500,1,Mexico,Capsicum Annuum
Crushed Red Chile Peppers,"40,000",1,North Macedonia,
Crushed Red Pepper,"35,000",18,North Macedonia,
Crushed Red Pepper (Dried),"40,000",1,North Macedonia,
Cubanelle Pepper,550,0,Italy,Capsicum Annuum
Cumari Do Para Pepper,"1,75,000",0,Brazil,Capsicum Praetermissum
Cyklon Pepper,"5,000",0,Poland,Capsicum Annuum
Dalle Khursani Pepper,"2,25,000",0,Nepal,Capsicum Chinense
Datil Pepper,"2,00,000",4,United States of America,Capsicum Chinense
Dedo De Moca Pepper,"3,250",0,Brazil,Capsicum Baccatum
Dehydrated Bell Pepper,N/A,2,Hungary,Capsicum Annuum
Demre Pepper,"50,000",0,Turkey,Capsicum Annuum
Desi Teekhi Pepper,"16,500",0,India,Capsicum Annuum
Devil's Tongue - Chocolate Pepper,"2,25,000",0,United States of America,Capsicum Chinense
Devil's Tongue - Red Pepper,"4,50,000",0,United States of America,Capsicum Chinense
Devil's Tongue - Yellow Pepper,"4,00,000",0,United States of America,Capsicum Chinense
Devil's Tongue Pepper,"4,63,500",2,United States of America,Capsicum Chinense
Dhanraj Pepper,"5,000",0,India,Capsicum Annuum
Diablo Grande Pepper,"80,000",0,Chile,Capsicum Annuum
Diced Green Bell Peppers,N/A,1,Mexico,
Dieng Plateau Pepper,"30,000",0,Indonesia,Capsicum Frutescens
Diente De Perro Pepper,"48,000",0,Guatemala,Capsicum Frutescens
Domestic Peppers,N/A,1,Mexico,
Dong Xuan Pepper,"50,000",0,Vietnam,Capsicum Annuum
Dorset Naga Pepper,"9,23,000",0,Bangladesh,Capsicum Chinense
Dragon's Breath Pepper,"24,80,000",1,United Kingdom,Capsicum Chinense
Dried Chilies Pepper,N/A,3,,
Dried New Mexican Chiles Pepper,"70,000",1,Mexico,Capsicum Annuum
Dried New Mexican Red Chiles Pepper,"70,000",2,Mexico,Capsicum Annuum
Dried Red Chiles Pepper,"40,000",3,,
Dundicut Pepper,"70,000",0,Pakistan,Capsicum Annuum
Dunso Pepper,"27,500",0,Turkey,Capsicum Annuum
Dutch Red Pepper,"2,000",0,Indonesia,Capsicum Annuum
Earbob Pepper,"10,000",0,United States of America,Capsicum Baccatum
Ecuador Hot Pepper,"1,86,000",0,Ecuador,Capsicum Annuum
Espanola Pepper,"1,250",0,United States of America,Capsicum Annuum
Espelette Pepper,"4,000",0,France,Capsicum Annuum
Etna Peppers,"65,000",0,Thailand,Capsicum Annuum
Eximium Pepper,N/A,0,Bolivia,Capsicum Eximium
Explosive Ember Pepper,"40,000",0,,Capsicum Annuum
Extra Aged Avery Island Tabasco Peppers,"40,000",2,Mexico,Capsicum Frutescens
Extra Hot Green Pepper,N/A,1,,
False Alarm Pepper,50,0,United States of America,Capsicum Annuum
Faria Pepper,"50,000",0,Trinidad and Tobago,Capsicum Chinense
Fatalii Pepper,"2,25,000",6,Central African Republic,Capsicum Chinense
Fatalii Pepper (Yellow),"2,25,000",1,Central African Republic,Capsicum Chinense
Fatalii Pepper Mash,"2,25,000",1,South Africa,Capsicum Chinense
Fatalii Pepper Seeds (Yellow),"2,25,000",1,South Africa,Capsicum Chinense
Fermented Red Chilis Pepper,N/A,1,,
Fiery Cayenne Chilies Pepper,"40,000",1,French Guiana,Capsicum Annuum
Fiji Hot Pepper,"40,000",0,Fiji,Capsicum Chinense
Fijian Bongo Chilli Pepper,"3,50,000",2,Fiji,
Filius Blue Pepper,"50,000",0,United States of America,Capsicum Annuum
Finely Ground Pure Naga Bhut Jolokia Peppers,"10,41,427",1,India,Capsicum Chinense Capsicum Frutescens
Fire Roasted Green Chiles Pepper,N/A,4,,
Fire Roasted Jalapenos Pepper,N/A,7,Mexico,Capsicum Annuum
Fire Roasted Orange Habanero Peppers,"2,25,000",1,Mexico,Capsicum Chinense
Fire Roasted Serrano Peppers,"16,500",1,Mexico,
Fish Pepper,"17,500",0,Dominican Republic,Capsicum Annuum
Floral Gem Pepper,"3,000",0,United States of America,Capsicum Annuum
Fluorescent Purple Pepper,"37,500",0,United States of America,Capsicum Annuum
Fresno Chili Pepper,"6,250",8,United States of America,Capsicum Annuum
Frutka Pepper,500,0,Hungary,Capsicum Annuum
Georgescu Chocolate Pepper,0,0,Romania,Capsicum Annuum
Georgia Flame Pepper,"1,250",0,United States of America,Capsicum Annuum
Ghost Chile Peppers,"10,41,427",5,India,Capsicum Chinense Capsicum Frutescens
Ghost Chile Peppers (Ground),"10,41,427",1,India,Capsicum Chinense Capsicum Frutescens
Ghost Pepper,"10,41,427",49,India,Capsicum Chinense Capsicum Frutescens
Ghost Pepper (Chocolate),"10,41,427",2,India,
Ghost Pepper (Dried),"10,41,427",10,India,Capsicum Chinense Capsicum Frutescens
Ghost Pepper (Organic),"10,41,427",1,India,Capsicum Chinense Capsicum Frutescens
Ghost Pepper (Powder),"10,41,427",6,India,Capsicum Chinense Capsicum Frutescens
Ghost Pepper (Red),"10,41,427",1,India,
Ghost Pepper (Smoked),"10,41,427",2,India,
Ghost Pepper Mash,"10,41,427",4,India,Capsicum Chinense Capsicum Frutescens
Ghost Pepper Seeds,"10,41,427",1,India,Capsicum Chinense Capsicum Frutescens
Gibraltar / Spanish Naga Chili Pepper,"10,86,844",0,Spain,Capsicum Chinense
Goat Horn Pepper,"35,000",0,Thailand,
Gochugaru Chile Flakes Pepper,"1,500",1,South Korea,Capsicum Annuum
Gochugaru Chile Powder Pepper,N/A,1,South Korea,
Gochujang Chilli Pepper,N/A,3,South Korea,
Golden Heat Pepper,"4,500",0,United States of America,
Green Chiles Pepper,N/A,8,Mexico,
Green Chilli Pepper,N/A,4,,
Green Habanero Pepper,"2,25,000",12,Brazil,
Green Jalapeno Chile Peppers,"3,750",1,Mexico,Capsicum Annuum
Green Peppercorn,N/A,1,India,
Green Peppers,N/A,4,,
Ground Chiles Pepper,N/A,4,,
Ground Chipotle Chile Pepper,N/A,1,Mexico,
Ground Red Pepper,N/A,1,,
Guajillo Chilli Pepper,"3,750",4,Mexico,
Guajillo Peppers,"3,750",3,Mexico,Capsicum Annuum
Guindilla Pepper,"1,500",0,Spain,
Guntur Chili Pepper,"1,90,000",0,India,
Guntur Sannam Chile Pepper,"37,500",0,India,
Guyana Pepper (Wiri Wiri),"2,25,000",0,Guyana,
Gypsy Pepper,0,0,United States of America,Capsicum Annuum
Habanada Pepper,0,0,United States of America,Capsicum Chinense
Habanaga Pepper,"6,50,000",0,United States of America,Capsicum Chinense
Habanero (Gambia) Pepper,"2,50,000",0,Brazil,
Habanero (Pickled) Pepper,"2,25,000",1,Brazil,Capsicum Chinense
Habanero Chile Pepper,"2,25,000",35,Brazil,
Habanero Chili Pepper (Pods),"2,25,000",1,Mexico,Capsicum Chinense
Habanero Chilli Pepper,N/A,6,Brazil,
Habanero Infused Pepper,"2,25,000",1,Brazil,
Habanero Mash Pepper,N/A,15,Brazil,
Habanero Pepper,"2,25,000",420,Brazil,
Habanero Pepper (Caribbean Red),"3,87,500",1,Brazil,
Habanero Pepper (Chocolate),"4,38,500",4,Brazil,
Habanero Pepper (Dehydrated),"2,25,000",1,Mexico,Capsicum Chinense
Habanero Pepper (Fire Roasted),N/A,7,Brazil,
Habanero Pepper (Golden),"2,37,500",1,Brazil,
Habanero Pepper (Ground),"2,25,000",4,Mexico,
Habanero Pepper (Mustard),"2,37,500",0,Brazil,
Habanero Pepper (Orange),"2,25,000",17,Brazil,
Habanero Pepper (Peach),"2,50,000",0,Brazil,
Habanero Pepper (Peruvian White),"2,25,000",0,Brazil,
Habanero Pepper (Powder),"3,00,000",10,Brazil,
Habanero Pepper (Pulp),"2,25,000",1,Mexico,Capsicum Chinense
Habanero Pepper (Red Ripe),"2,25,000",4,Mexico,Capsicum Chinense
Habanero Pepper (Red Savina),"3,90,000",8,Brazil,
Habanero Pepper (Red),N/A,76,Brazil,
Habanero Pepper (Ripe),"2,25,000",1,Mexico,Capsicum Chinense
Habanero Pepper (Roasted),"2,25,000",2,Mexico,Capsicum Chinense
Habanero Pepper (Roatan Pumpkin),"3,00,000",0,Brazil,
Habanero Pepper (Select Red),"2,25,000",4,Mexico,Capsicum Chinense
Habanero Pepper (Smoked Powder),"2,25,000",2,Mexico,Capsicum Chinense
Habanero Pepper (Smoked),N/A,10,Brazil,
Habanero Pepper (Tigerpaw-Nr),"3,07,500",0,Brazil,
Habanero Pepper (White Bullet),"3,25,000",0,Brazil,
Habanero Pepper (Yellow),"2,25,000",6,Mexico,Capsicum Chinense
Habanero Pepper (Yucatan White),"3,50,000",0,Mexico,
Habanero Pepper (Yucatan),"2,25,000",1,Mexico,Capsicum Chinense
Habanero Pepper Extract,"2,25,000",1,Mexico,Capsicum Chinense
Habanero Pepper Mash (Orange),"2,25,000",2,Mexico,Capsicum Chinense
Habanero Pepper Mash (Red),"2,25,000",4,Mexico,Capsicum Chinense
Habanero Pepper Mash (Smoked),"2,25,000",1,Mexico,Capsicum Chinense
Habanero Peppers (Fresh Ripened),"2,25,000",2,Brazil,
Habanero Peppers (Organic Ripened),"2,25,000",2,Brazil,
Habanero Peppers (Rican Red),"2,25,000",1,Mexico,Capsicum Chinense
Habanero Puree Pepper,N/A,1,Brazil,
Hainan Yellow Lantern Pepper,"2,25,000",0,,
Hari Mirch Pepper,"22,500",0,,
Hatch Chile Pepper,"3,000",4,,
Hawaiian Akua Peppers,"75,000",1,United States of America,
Hawaiian Pepper,"60,000",1,United States of America,Capsicum Frutescens
Hawaiian Sweet Hot Pepper,"3,000",0,United States of America,Capsicum Annuum
Hermosillo Pepper,"50,000",0,,
Hidalgo Chile Pepper,"13,000",0,,
Hinkelhatz Pepper,"17,500",0,,
Ho Chi Minh Pepper,"17,500",0,,
Holiday Cheer Pepper,"10,000",0,,
Holy Mole Pepper,"1,750",0,,
Hornet Pepper,N/A,1,,
Hot Apple Pepper,"21,000",0,,
Hot Chile Peppers,N/A,1,,
Hot Golden Nugget Pepper,"27,500",0,,
Hot Paper Lantern Pepper,"2,50,000",1,,
Hot Pepper (Assorted),N/A,4,,
Hot Pepper (Generic),N/A,30,,
Hot Pepper Extract,N/A,12,,
Hot Portugal Pepper,"50,000",0,,
Huachinango Pepper,"10,000",0,Mexico,Capsicum Annuum
Huatulco Puntado Pepper,"17,500",0,,
Hungarian Black Pepper,"1,300",0,Hungary,Capsicum Annuum
Hungarian Cherry Pepper,"15,000",0,Hungary,Capsicum Annuum
Hungarian Hot Wax Pepper,"7,500",0,Hungary,Capsicum Annuum
Imported Peppers,N/A,1,,
Inca Berry Pepper,"17,500",0,,
Inca Chili Pepper,"17,500",0,,
Inca Glow Pepper,"17,500",0,,
Inca Laranja Pepper,"17,500",0,,
Inca Red Drop Pepper,"17,500",0,,
Inchanga Pepper,"5,000",0,,
Indian Jwala Pepper,"25,000",0,,
Inferno Pepper,"5,000",0,,
Infinity Chili Pepper,"10,67,286",0,United Kingdom,
Isleta Pepper,"5,000",0,,
Italian Long Hots Pepper,550,0,,
Italian Sweet Pepper,50,0,,
Jalafuego Pepper,"5,000",0,,
Jalapeno (Biker Billy) Pepper,"10,000",0,United States of America,Capsicum Annuum
Jalapeno (Red Applewood Smoked) Pepper,"5,250",1,Mexico,Capsicum Annuum
Jalapeno Chilies Pepper,"3,550",6,Mexico,
Jalapeno Mash Pepper,N/A,8,Mexico,Capsicum Annuum
Jalapeño Pepper,"5,250",195,Mexico,Capsicum Annuum
Jalapeno Pepper (Green),"3,550",7,Mexico,Capsicum Annuum
Jalapeño Pepper (Purple),"6,250",0,Mexico,Capsicum Annuum
Jalapeño Pepper (Red),N/A,28,Mexico,Capsicum Annuum
Jalapeno Pepper (Roasted),"3,550",2,Mexico,Capsicum Annuum
Jalapeno Peppers (Red Ripe),"3,550",3,Mexico,Capsicum Annuum
Jalapeno Peppers (Smoked),"3,550",2,Mexico,Capsicum Annuum
Jalapeno Powder Pepper,"3,550",4,Mexico,Capsicum Annuum
Jalapeno Puree Pepper,"3,550",2,Mexico,Capsicum Annuum
Jalapeno Seasoning Pepper,N/A,1,Mexico,Capsicum Annuum
Jalapenos Peppers (Red Ripened),"3,550",4,Mexico,Capsicum Annuum
Jalora Pepper (Yellow Jalapeno),"6,250",0,Mexico,Capsicum Annuum
Jamaican Gold Pepper,"1,50,000",0,Jamaica,Capsicum Annuum
Jamaican Hot Pepper - Chocolate,"4,00,000",0,Jamaica,Capsicum Chinense
Jamaican Hot Pepper - Red,"2,00,000",1,Jamaica,Capsicum Chinense
Jamaican Hot Pepper - Yellow,"1,00,000",0,Jamaica,Capsicum Annuum
Jamaican Pimento Pepper,N/A,1,Jamaica,
Jamaican Scotch Bonnets Pepper,"2,40,000",2,Jamaica,
Japones Chili Pepper,"22,500",0,,
Jarales Pepper,"15,000",0,,
Jay's Peach Ghost Scorpion Peppers,"9,50,000",1,United States of America,Capsicum Chinense
Jay's Red Ghost Scorpion Pepper Seeds,"10,41,427",1,,
Jigsaw Pepper,"18,50,000",1,,
Jolokia Chile Peppers,"10,41,427",2,,
Jolokia Chili Pepper Powder,"10,41,427",1,India,Capsicum Chinense Capsicum Frutescens
Jolokia Pepper Mash,"10,41,427",1,India,Capsicum Chinense Capsicum Frutescens
Jolokia Peppers,N/A,7,,
Jwala Finger Hot Pepper,"25,000",1,,
Kalia Pepper,"5,000",0,,
Karlo Pepper,500,0,,
Kashmiri Mirch Pepper,"1,750",0,,
Kerinting Pepper,"5,000",0,,Capsicum Annuum
Keystone Giant Pepper,0,0,,
Kim Chi Pepper,"30,000",0,,
Komodo Dragon Pepper,"14,00,000",0,,
Kori Sitakame Pepper,"5,000",0,,
Kumataka Pepper,"1,37,500",0,,
Kung Pao Pepper,"10,000",0,,
Kurnool Pepper,"50,000",0,,
Lemon Pepper,N/A,2,,
Little Elf Pepper,"25,000",0,,
Lumbre Hot Pepper,"22,500",0,,
Lurin Pepper,N/A,0,Peru,Capsicum Flexuosum
Madame Jeanette Pepper,"2,25,000",0,,
Malagueta Pepper,"80,000",0,,
Manganji Pepper,100,0,Japan,Capsicum Annuum
Manzano Pepper,"21,000",0,,
Manzano Pepper (Orange),"50,000",0,,
Maras Biber Pepper,"50,000",1,,
Marbles Pepper,"50,000",0,,
Mariachi Pepper,"1,250",0,,
Mayan Cobanero Love Pepper,"75,000",0,,
Mcmahon’S Texas Bird Pepper,"50,000",0,,
Medusa Pepper,501,0,,
Medusa’S Head Pepper,"50,000",0,,
Melrose Pepper,50,0,,
Merah Pepper,"30,000",0,,
Mesilla Cayenne Chiles Pepper,N/A,1,French Guiana,Capsicum Annuum
Mesilla Pepper,"4,500",0,,
Mexi-Bell Pepper,550,0,,
Mirabile Pepper,N/A,0,Brazil,Capsicum Mirabile
Mirasol Pepper,"2,000",0,,
Mitla Pepper,"8,000",0,,
Mixed Chillies Pepper,N/A,9,,
Morita Pepper (Dried),"6,250",1,Mexico,
Moruga Scorpion Chillies Pepper,"12,00,000",11,Trinidad and Tobago,Capsicum Chinense
Moruga Scorpion Pepper Mash,"12,00,000",1,Trinidad and Tobago,Capsicum Chinense
Moruga Scorpion Pepper Seeds,"12,00,000",1,Trinidad and Tobago,Capsicum Chinense
Moruga Scorpion Peppers (Red),"12,00,000",1,Trinidad and Tobago,Capsicum Chinense
Mulato Chile Pepper,"2,750",0,,
Nadapeno Pepper,0,2,,Capsicum Annuum
Naga Bhut Jolokia Peppers,"10,41,427",1,India,Capsicum Chinense Capsicum Frutescens
Naga Jolokia (Ghost Pepper),"10,41,427",15,India,Capsicum Chinense Capsicum Frutescens
Naga Jolokia Powder Pepper,N/A,2,India,Capsicum Chinense Capsicum Frutescens
Naga Morich Pepper,"12,99,114",0,Bangladesh,
Naga Viper Pepper,"13,82,118",3,United Kingdom,Capsicum Chinense
Nagabon Jolokia Pepper,"7,75,000",0,Australia,Capsicum Chinense
Nagabon Pepper,"7,75,000",0,Australia,Capsicum Chinense Capsicum Frutescens
Natural Pepper Flavor,N/A,6,,
Natural Spices Pepper,N/A,4,,
New Delhi Long Pepper,"30,000",0,,
New Mexican Anaheim Pepper,"2,750",0,United States of America,
New Mexican Chiles Pepper,"70,000",1,Mexico,Capsicum Annuum
New Mexico Chile Pepper,N/A,3,United States of America,
New Mexico Green Chile Peppers,"35,000",1,Mexico,Capsicum Annuum
Nosegay Pepper,"5,000",0,,
Numex Big Jim Pepper,550,0,United States of America,Capsicum Annuum
Numex Centennial Pepper,"3,000",0,United States of America,Capsicum Annuum
Numex Chile Pepper,"70,000",2,United States of America,
Numex Española Improved Pepper,"2,750",0,United States of America,Capsicum Annuum
Numex Heritage 6-4 Pepper,"4,000",0,United States of America,Capsicum Annuum
Numex Joe E. Parker Pepper,"2,750",0,United States of America,Capsicum Annuum
Numex R Naky Pepper,500,0,United States of America,Capsicum Annuum
Numex Red Chile Powder Pepper,N/A,1,United States of America,Capsicum Annuum
Numex Twilight Pepper,"40,000",0,United States of America,Capsicum Annuum
Numex Xx Pepper,"65,000",0,United States of America,Capsicum Annuum
Ob Smoked Chilli Puree Pepper,N/A,1,,
Oleoresin Capsicum (3 Million Scoville) Pepper,N/A,1,,
Oleoresin Capsicum Pepper,N/A,11,,
Oleoresin Cayenne Pepper,"40,000",16,India,Capsicum Annuum
Oleoresin Paprika Pepper,N/A,8,,
Onza Roja Pepper,"20,000",0,,
Onza Yellow Pepper,"15,000",0,,
Orange Habanero Pepper,"2,25,000",5,Brazil,
Organic Peppers,N/A,1,,
Organic Red Ripened Jalapeno Peppers,N/A,2,Mexico,Capsicum Annuum
Orozco Pepper,"30,000",0,,
Padron Pepper,"1,500",2,,
Paprika (Smoked & Sweet) Pepper,N/A,1,,Capsicum Annuum
Paprika (Sweet) Pepper,N/A,1,,
Paprika Chile Pepper,625,0,,
Paprika Extract Pepper,N/A,1,,Capsicum Annuum
Paprika Pepper,N/A,41,,
Paprika Supreme Pepper,125,0,,
Pasilla Bajio Pepper,"1,125",0,Mexico,
Pasilla De Oaxaca Chili Pepper,"7,000",0,Mexico,
Pasilla Pepper,"1,500",3,Mexico,
Peach Bhut Jolokia Ghost Pepper Seeds,"10,41,427",1,India,Capsicum Chinense Capsicum Frutescens
Peperone Di Senise Pepper,0,0,,
Peppadew Pepper (Piquante Pepper),"1,177",0,,
Pepper (Natural Flavoring),N/A,3,,
Pepper (Puree),N/A,3,,
Pepper B,N/A,1,,
Pepper Extract,N/A,17,,
Pepper Extract (3 Million Scoville),"30,00,000",4,,
Pepper Herbs,N/A,1,,
Pepper X,"31,80,000",5,United States of America,
Pepper X (Chocolate),"31,80,000",2,United States of America,
Pepper X (Peach),"31,80,000",1,United States of America,
Peppercorn (Pink),N/A,1,,
Pepperoncini Pepper,300,1,,
Peppers (60 Percent),N/A,1,,
Peppers (Generic),N/A,60,,
Pequin Pepper,"49,000",5,,
Pequin Pepper (African),"57,000",0,,
Pequin Pepper (Firecracker),"35,000",0,,
Peri Peri Pepper,"1,12,500",5,,
Peri-Peri Chili Peppers,"1,12,500",4,,
Peruvian Purple Pepper,"70,000",0,,
Peruvian White Habanero Pepper Seeds,N/A,1,Peru,
Peter Pepper,"20,000",0,,
Pico De Pajaro Pepper,"85,000",0,,
Pimenta Biquinho Pepper (Little Beak Pepper),750,0,,
Pimenta De Bode Pepper,"40,000",0,Brazil,
Pimenta De Neyde Pepper,"1,75,000",0,Brazil,
Pimiento Pepper (Pimento),300,3,,
Pingo De Ouro Pepper,"5,00,000",0,,
Piquillo Pepper,750,0,,
Piquin Dried Peppers,"45,000",2,,
Piquin Pepper,"45,000",6,,
Poblano Pepper,"1,250",4,Mexico,
Poblano Pepper Flavor,N/A,1,Mexico,
Poblano Peppers (Fire Roasted),"1,250",2,Mexico,Capsicum Annuum
Poinsettia Pepper,"17,500",0,,
Prairie Fire Pepper,"70,000",0,,
Premium Pure Oleoresin Capsicum Pepper,N/A,1,,
Pretty Purple Pepper,"8,000",0,,
Prik Kee Noo Pepper (Prik Ki Nu),"1,75,000",0,,
Prometheus Springs Pepper,"2,500",0,,
Pulla Pepper,"6,500",0,,
Pure Carolina Reaper Powder Pepper,"15,69,300",1,United States of America,Capsicum Chinense
Pure Dried Ghost Naga Morich Pepper,"10,41,427",1,Bangladesh,
Pure Ground Ghost Chiles Pepper,"10,41,427",1,India,Capsicum Chinense Capsicum Frutescens
Pure Ground Scorpion Chiles Pepper,N/A,1,,
Pure Jamaican Scotch Bonnet Chili Powder Pepper,"2,25,000",2,Jamaica,Capsicum Chinense
Pure Moruga Scorpion Chili Powder Pepper,"12,00,000",1,Trinidad and Tobago,Capsicum Chinense
Pure Pepper Extract (1 Million Scoville),N/A,1,,
Pure Pepper Extract (2 Million Scoville),N/A,1,,
Pure Pepper Extract (3 Million Scoville),N/A,1,,
Pure Smoked Ghost Chili Powder Pepper,"10,41,427",1,India,Capsicum Chinense Capsicum Frutescens
Pure Trinidad Scorpion Pepper Powder,N/A,2,Trinidad and Tobago,
Purira Chile Pepper,"65,000",0,,
Purira Chiles Pepper,"65,000",1,,
Purple Beauty Pepper,0,0,,
Purple Prince Pepper,"50,000",0,,
Purple Tiger ‘Trifetti’ Pepper,"7,000",0,,
Pusa Jwala Pepper,"40,000",0,,
Puya Pepper,"17,500",0,,
Quintisho Pepper,"17,500",0,,
Rainforest Pepper,"30,000",1,,
Raja Mirch Pepper,"8,50,000",0,,
Raja Mirchi Chile Peppers,"9,20,714",0,,
Reaper Chiles Pepper,"15,69,300",1,United States of America,Capsicum Chinense
Red 7-Pot Peppers,N/A,5,Trinidad and Tobago,
Red 7-Pot Primo Pepper Mash,N/A,4,Trinidad and Tobago,
Red Cheese Pepper,"2,00,000",0,,
Red Chile Puree Pepper,N/A,2,,
Red Chili Peppers,N/A,15,,
Red Chili Peppers (Dried),N/A,3,Mexico,
Red Chili Puree Pepper,N/A,5,,
Red Habanero Chillies Pepper,N/A,6,Brazil,
Red Habanero Pods Pepper,N/A,2,Brazil,
Red Hot Chiles Pepper,N/A,2,Mexico,
Red Jalapeno Pepper Puree,"3,550",5,Mexico,Capsicum Annuum
Red Pepper Flakes,"40,000",3,,
Red Pepper Puree,N/A,2,,
Red Peppers (Generic),N/A,57,,
Red Peppers (Roasted),N/A,16,,Capsicum Annuum
Red Ripe Peppers,N/A,2,Mexico,
Red Savina Mash Pepper,"4,63,500",5,United States of America,Capsicum Chinense
Red Scotch Bonnet Pepper Seeds,"2,25,000",1,,Capsicum Chinense
Red Serrano Chiles Pepper,"17,500",3,Mexico,
Red Squash Pepper,"50,000",0,,
Red Tabasco Pepper Pulp,N/A,1,,
Rezha Macedonian Pepper,"4,500",0,,
Rhomboideum Pepper,0,0,Mexico,Capsicum Rhomboideum
Ring Of Fire Pepper,"50,000",0,,
Ripe Red Jalapeno Peppers,"5,250",3,Mexico,
Ripened Habanero Peppers,"2,25,000",2,Mexico,
Roasted Red Bell Peppers,N/A,1,Mexico,Capsicum Annuum
Roasted Serrano Chile Pepper,"16,500",1,Mexico,Capsicum Annuum
Rocotillo Pepper,"2,000",0,,
Rocoto Pepper,"1,50,000",0,,Capsicum Pubescens
Romanian Hot Pepper,"1,400",0,,
Rooster Spur Pepper,"40,000",0,,
Royal Black Pepper,"17,500",0,,
San Ardo Pepper,"2,750",0,,
Sandia Pepper,"2,000",2,,
Sangria Pepper,"3,000",0,,
Santa Fe Grande Pepper,600,0,,
Santaka Pepper,"40,000",0,,
Satans Kiss Pepper,"45,000",0,,
Scorpion Pepper,"12,00,000",36,,Capsicum Chinense
Scorpion Pepper (Yellow),"12,00,000",3,Trinidad and Tobago,Capsicum Chinense
Scorpion Pepper Mash,"12,31,850",2,United States of America,Capsicum Chinense
Scorpion Pepper Powder,N/A,2,,
Scorpion Pepper Seeds,"12,00,000",1,,
Scorpion Peppers Pods,N/A,1,Trinidad and Tobago,
Scotch Bonnet Pepper,"2,12,500",54,,
Scotch Bonnet Pepper (Aged Pickled),"2,40,000",4,,Capsicum Chinense
Scotch Bonnet Pepper (Mash),"2,12,500",2,,Capsicum Chinense
Scotch Bonnet Pepper (Red),"2,40,000",7,Mexico,Capsicum Chinense
Scotch Bonnet Pepper (Yellow),"2,40,000",5,Jamaica,Capsicum Chinense
Selected Red Chili Pepper,N/A,1,Montenegro,
Serrano (Smoked) Pepper,"16,500",2,Mexico,
Serrano Chiles Pepper,"16,500",8,Mexico,Capsicum Annuum
Serrano Huasteco Pepper,"16,500",0,Mexico,
Serrano Pepper,"16,500",48,Mexico,
Serrano Pepper (Applewood Smoked Green),"16,500",1,Mexico,
Serrano Pepper (Green),"16,500",2,Mexico,Capsicum Annuum
Serrano Pepper (Red),N/A,8,Mexico,
Serrano Peppers (Crushed),"16,500",2,Mexico,Capsicum Annuum
Serrano Puree Pepper,N/A,1,Mexico,
Shipka Pepper (Bulgarian Carrot),"17,500",0,,
Shishito Pepper,550,0,,
Sichuan Pepper,N/A,1,,
Siling Haba Pepper,"50,000",0,,
Siling Labuyo Pepper,"90,000",0,,
Simla Mirch Pepper,N/A,0,,
Smoked Ghost Chile Powder Pepper,"10,41,427",1,India,Capsicum Chinense Capsicum Frutescens
Smoked Jalapeno Peppers (Chipotle),N/A,1,Mexico,
Smoked Red Jalapeños Pepper,"5,250",7,Mexico,Capsicum Annuum
Smokin’ Ed’S Carolina Reaper Chillies Pepper,"15,69,300",3,United States of America,Capsicum Chinense
Smoky Pepper,N/A,1,,
Sonora Chile Pepper,450,0,,
Sparkler Pepper,"1,60,000",0,,
Spice Mix Pepper,N/A,1,,
Sport Pepper,"16,500",0,,
Sriracha Pepper,"1,750",1,,
Sticky Chipolte Pepper,"5,250",1,Mexico,
Stone Soup Hot Pepper Mash,N/A,1,United States of America,
Super Chile Pepper,"45,000",0,,
Super-Hot Red 7-Pot Primo Peppers,N/A,1,Trinidad and Tobago,
Superior Pepper Extract,N/A,1,,
Sweet Green Peppers,N/A,1,,
Sweet Pepper (Generic),N/A,8,,
Sweet Pepper (Roasted),N/A,1,,Capsicum Annuum
Sweet Red Pepper,N/A,4,,
Tabasco Pepper,"40,000",3,,
Tabasco Pepper (Aged Red),"40,000",1,Mexico,Capsicum Frutescens
Tabasco Pepper (Powder),"40,000",1,Mexico,
Tabasco Pepper Mash,"40,000",2,Mexico,Capsicum Frutescens
Tabiche Pepper,"1,00,000",0,,
Takanotsume Pepper,"30,000",0,,
Tam Mild Jalapeno Pepper,"1,250",0,United States of America,Capsicum Annuum
Tamarind Chile Paste Pepper,N/A,1,,
Tampiqueno Pepper,"22,500",0,,
Tangerine Dream Pepper,50,0,,
Tears Of Fire Pepper,"20,000",0,,
Tennessee Pepper,"40,000",0,,
Thai Burapa Pepper,"75,000",0,Thailand,Capsicum Annuum
Thai Chile Peppers,"75,000",3,Thailand,Capsicum Annuum
Thai Chili Pepper,"75,000",1,Thailand,Capsicum Annuum
Thai Dragon Pepper (Thai Volcano),"75,000",0,Thailand,Capsicum Annuum
Thai Ornamental Pepper,"75,000",0,Guam,
Thai Pepper,"75,000",8,Thailand,Capsicum Annuum
Thai Pepper (Orange),"75,000",0,Thailand,Capsicum Annuum
Thai Pepper (Red),"75,000",0,Thailand,Capsicum Annuum
Thai Pepper (Yellow),"75,000",0,Thailand,Capsicum Annuum
Thai Sun Pepper,"75,000",0,Thailand,Capsicum Annuum
Thai Super Chili Pepper,"75,000",0,Thailand,Capsicum Annuum
Tianying Pepper,"25,000",0,,
Tien Tsin Pepper (Tianjin),"62,500",2,,
Tobago Seasoning Pepper,500,0,,
Tobasco Pepper (Red),"40,000",1,Mexico,Capsicum Frutescens
Togarashi (Generic) Pepper,N/A,2,,
Tricolor Variegata Pepper,"17,500",0,,
Trinidad (Generic) Pepper,N/A,2,Trinidad and Tobago,
Trinidad 7-Pot Cardi Strain Pepper,"8,50,000",0,Trinidad and Tobago,
Trinidad 7-Pot Jonah Pepper,"10,00,000",0,Trinidad and Tobago,
Trinidad 7-Pot Pepper,"11,00,000",2,Venezuela,
Trinidad 7-Pot Primo Pepper,"14,69,000",9,Trinidad and Tobago,
Trinidad Dougla Pepper,N/A,1,Trinidad and Tobago,
Trinidad Moruga Powder Pepper,N/A,2,Trinidad and Tobago,
Trinidad Moruga Red Pepper,"12,00,000",1,Trinidad and Tobago,Capsicum Chinense
Trinidad Moruga Scorpion Pepper,"12,00,000",9,Trinidad and Tobago,
Trinidad Moruga Scorpion Pepper (Yellow),"12,00,000",1,Trinidad and Tobago,Capsicum Chinense
Trinidad Perfume Pepper,250,0,Trinidad and Tobago,
Trinidad Scorpion (Chocolate) Pepper,"16,00,000",1,Trinidad and Tobago,
Trinidad Scorpion 7-Pot Peppers,"12,00,000",1,Trinidad and Tobago,
Trinidad Scorpion Butch T-Pepper,"12,31,850",6,Trinidad and Tobago,
Trinidad Scorpion Pepper Mash,"12,31,850",5,United States of America,Capsicum Chinense
Trinidad Scorpion Peppers,N/A,34,Trinidad and Tobago,
Trinidad Yellow 7-Pot Pepper,"5,50,000",1,Trinidad and Tobago,
Trinidad Yellow Scorpion Pepper,"5,00,000",3,Trinidad and Tobago,
Truff Chilli Blend Pepper,N/A,1,,
Ubatuba Cambuci Pepper,"5,048",0,,
Urfa Biber Pepper,"40,000",1,,
Vegan Pepper Blend,N/A,1,,
Volcano Pepper,"3,500",0,,
White Pepper,N/A,12,,
Wild Baccatum Pepper,"32,500",0,,
Xvill Pepper,N/A,1,,Capsicum Chinense
Yatsufusa Chile Pepper (Yatzy),"57,500",0,,
Yellow 7-Pot Pepper,N/A,1,Trinidad and Tobago,
Yellow Chile Pepper (Generic),N/A,1,,
Yellow Chilli Pepper,N/A,1,,
Yellow Habanero (Yellow) Pepper,"2,25,000",1,Brazil,
Yellow Moruga Peppers,"12,00,000",1,Trinidad and Tobago,Capsicum Chinense
Yellow Trinidad 7-Pot Pepper,N/A,1,Trinidad and Tobago,
Yellow-7 Chilli Pepper,N/A,1,,
Zimbabwe Bird Chili Pepper,"2,75,000",0,Zimbabwe,Capsicum Annuum
